seed,Silhouette,CH Index,Davies-Bouldin,Gap Statistic,Dunn Index,CBV
42,0.4838709677419355,0.5483870967741935,0.3225806451612903,0.6451612903225806,0.22580645161290322,0.6129032258064516
73,0.45161290322580644,0.5483870967741935,0.3225806451612903,0.6129032258064516,0.25806451612903225,0.5806451612903226
123,0.45161290322580644,0.5483870967741935,0.3225806451612903,0.5483870967741935,0.25806451612903225,0.6129032258064516
256,0.45161290322580644,0.5483870967741935,0.3225806451612903,0.6129032258064516,0.22580645161290322,0.6129032258064516
999,0.45161290322580644,0.5483870967741935,0.3225806451612903,0.6129032258064516,0.25806451612903225,0.6129032258064516
