index,accuracy_mean,accuracy_std,mae_mean,mae_std,acc_plus1_mean,acc_plus1_std,ari_mean,ari_std
CBV,0.6064516129032258,0.01442624501612766,0.6516129032258065,0.01442624501612766,0.8387096774193548,1.2412670766236366e-16,0.583359242403156,0.006354760602046283
Gap Statistic,0.6064516129032258,0.0353369391938817,1.1032258064516127,0.02698903311400252,0.735483870967742,0.014426245016127662,0.6067104519561749,0.003297932602203338
CH Index,0.5483870967741935,0.0,1.935483870967742,0.09123958466923196,0.7419354838709677,0.0,0.6450539856284132,0.002714344642637
Silhouette,0.4580645161290323,0.014426245016127687,1.6387096774193548,0.11719936854570935,0.6516129032258065,0.01442624501612766,0.6433537824538578,0.0060458298291183816
Davies-Bouldin,0.3225806451612903,0.0,3.045161290322581,0.17008292034147182,0.5161290322580645,0.0,0.564524431780919,0.0021618821522301156
Dunn Index,0.24516129032258066,0.017668469596940843,2.6967741935483867,0.1746112077770885,0.4258064516129032,0.014426245016127662,0.511561609211631,0.011902019685053349
